id,nome,nascimento,valor,email,profession
1,Sadie,1944-04-18,641.57,Sadie.1@yopmail.com,police officer
2,Pearline,2002-04-26,864.2,Pearline.2@yopmail.com,developer
3,Diena,2013-10-14,356.79,Diena.3@yopmail.com,doctor
4,Halette,1985-06-12,623.27,Halette.4@yopmail.com,doctor
5,Mignon,1986-07-13,617.56,Mignon.5@yopmail.com,doctor
6,Cassondra,1901-10-24,179.52,Cassondra.6@yopmail.com,developer
7,Lorenza,1912-05-22,561.31,Lorenza.7@yopmail.com,developer
8,Heida,1961-09-04,274.81,Heida.8@yopmail.com,doctor
9,Merci,2007-09-07,300.45,Merci.9@yopmail.com,worker
10,Tilly,1924-06-05,585.38,Tilly.10@yopmail.com,developer
11,Nonnah,2011-06-01,934.92,Nonnah.11@yopmail.com,doctor
12,Gwenneth,1944-03-14,654.85,Gwenneth.12@yopmail.com,police officer
13,Lisette,1956-04-05,240.39,Lisette.13@yopmail.com,police officer
14,Mathilda,1926-09-25,166.84,Mathilda.14@yopmail.com,doctor
15,Tani,2006-11-29,707.71,Tani.15@yopmail.com,firefighter
16,Oona,2009-08-23,102.37,Oona.16@yopmail.com,firefighter
17,Arabel,1921-12-23,797.92,Arabel.17@yopmail.com,police officer
18,Allyce,1928-03-19,388.15,Allyce.18@yopmail.com,worker
19,Dagmar,1974-07-25,866.25,Dagmar.19@yopmail.com,developer
20,Esmeralda,2015-07-02,83.48,Esmeralda.20@yopmail.com,worker
21,Mallory,1941-09-22,582.66,Mallory.21@yopmail.com,developer
22,Kaja,1987-12-31,461.6,Kaja.22@yopmail.com,police officer
23,Merrie,1956-06-03,875.43,Merrie.23@yopmail.com,doctor
24,Kirbee,2001-05-13,60.22,Kirbee.24@yopmail.com,firefighter
25,Goldie,2000-02-04,22.38,Goldie.25@yopmail.com,police officer
26,Valeda,1933-08-21,408.89,Valeda.26@yopmail.com,developer
27,Letizia,1914-02-24,408.4,Letizia.27@yopmail.com,firefighter
28,Berget,1941-04-25,477.84,Berget.28@yopmail.com,doctor
29,Collen,2005-06-27,703.83,Collen.29@yopmail.com,worker
30,Merry,1923-07-10,102.95,Merry.30@yopmail.com,developer
31,Florencia,1907-12-25,8.45,Florencia.31@yopmail.com,firefighter
32,Morganica,1984-01-25,725.01,Morganica.32@yopmail.com,worker
33,Kimberley,2003-06-23,551.84,Kimberley.33@yopmail.com,developer
34,Helsa,1977-07-28,329.09,Helsa.34@yopmail.com,firefighter
35,Merrie,1948-12-21,235.05,Merrie.35@yopmail.com,firefighter
36,Hannis,1927-11-25,286.6,Hannis.36@yopmail.com,doctor
37,Ardenia,1911-02-04,533.22,Ardenia.37@yopmail.com,worker
38,Gilligan,2004-07-06,724.46,Gilligan.38@yopmail.com,developer
39,Ninnetta,1906-05-06,627.11,Ninnetta.39@yopmail.com,developer
40,Isa,1950-08-14,694.95,Isa.40@yopmail.com,police officer
41,Di,1983-03-06,661.49,Di.41@yopmail.com,worker
42,Ingrid,1960-12-21,231.5,Ingrid.42@yopmail.com,developer
43,Clarice,1992-03-10,942.17,Clarice.43@yopmail.com,doctor
44,Ashlee,1987-05-14,212.97,Ashlee.44@yopmail.com,police officer
45,Susette,1976-07-04,46.68,Susette.45@yopmail.com,worker
46,Jeanna,1967-06-11,687.41,Jeanna.46@yopmail.com,worker
47,Hollie,1939-09-28,183.94,Hollie.47@yopmail.com,police officer
48,Georgina,1921-06-15,764.92,Georgina.48@yopmail.com,firefighter
49,Michaelina,1931-12-26,722.85,Michaelina.49@yopmail.com,firefighter
50,Alyssa,1922-04-20,136.14,Alyssa.50@yopmail.com,police officer
51,Elise,1934-11-30,748.06,Elise.51@yopmail.com,worker
52,Xylina,2010-01-09,692.34,Xylina.52@yopmail.com,worker
53,Gwyneth,1903-11-03,999.93,Gwyneth.53@yopmail.com,worker
54,Siana,1906-03-08,977.09,Siana.54@yopmail.com,firefighter
55,Kimmy,1945-11-05,479,Kimmy.55@yopmail.com,doctor
56,Lusa,1999-02-07,302.04,Lusa.56@yopmail.com,doctor
57,Florencia,1969-06-26,932,Florencia.57@yopmail.com,doctor
58,Ashlee,1981-11-06,749.26,Ashlee.58@yopmail.com,police officer
59,Marguerite,1982-07-03,688.21,Marguerite.59@yopmail.com,developer
60,Shirlee,1992-03-06,396.03,Shirlee.60@yopmail.com,police officer
61,Arlena,1912-04-27,107.6,Arlena.61@yopmail.com,police officer
62,Odessa,1905-11-04,178.39,Odessa.62@yopmail.com,firefighter
63,Dania,2000-02-21,871.42,Dania.63@yopmail.com,doctor
64,Bee,1954-02-13,105.5,Bee.64@yopmail.com,police officer
65,Bertine,1973-10-09,702.85,Bertine.65@yopmail.com,worker
66,Gianina,1908-03-20,942.46,Gianina.66@yopmail.com,firefighter
67,Ariela,1939-05-21,177.32,Ariela.67@yopmail.com,developer
68,Marcy,1996-12-11,716.96,Marcy.68@yopmail.com,developer
69,Amelia,1907-08-12,963.58,Amelia.69@yopmail.com,worker
70,Celene,1998-10-22,623.45,Celene.70@yopmail.com,developer
71,Carolina,1937-02-20,938.32,Carolina.71@yopmail.com,firefighter
72,Aili,1955-09-20,290.98,Aili.72@yopmail.com,developer
73,Dorthy,1911-04-18,219.5,Dorthy.73@yopmail.com,firefighter
74,Meg,1936-11-16,212.06,Meg.74@yopmail.com,firefighter
75,Sidoney,1976-10-24,377.08,Sidoney.75@yopmail.com,firefighter
76,Alyda,2019-10-21,532.61,Alyda.76@yopmail.com,firefighter
77,Ninnetta,1928-02-07,454.44,Ninnetta.77@yopmail.com,worker
78,Ethel,2009-09-26,755.14,Ethel.78@yopmail.com,developer
79,Ulrike,1976-02-12,835.24,Ulrike.79@yopmail.com,doctor
80,Gusty,1918-02-16,112.71,Gusty.80@yopmail.com,firefighter
81,Suzette,2001-10-03,430.79,Suzette.81@yopmail.com,doctor
82,Marita,1905-12-18,619.81,Marita.82@yopmail.com,firefighter
83,Alexine,1995-02-24,919.52,Alexine.83@yopmail.com,police officer
84,Julieta,1915-06-09,449.59,Julieta.84@yopmail.com,doctor
85,Ricky,1992-09-02,940.05,Ricky.85@yopmail.com,police officer
86,Claudina,1935-05-06,283.1,Claudina.86@yopmail.com,developer
87,Millie,1977-07-10,218.38,Millie.87@yopmail.com,doctor
88,Phylis,1908-09-29,591.92,Phylis.88@yopmail.com,worker
89,Ayn,1944-04-01,871.45,Ayn.89@yopmail.com,doctor
90,Basia,2005-04-11,615.46,Basia.90@yopmail.com,firefighter
91,Clarice,1915-12-31,904.11,Clarice.91@yopmail.com,doctor
92,Aaren,1969-08-23,727.18,Aaren.92@yopmail.com,worker
93,Christy,1901-10-30,267.47,Christy.93@yopmail.com,developer
94,Leona,1980-12-28,640.6,Leona.94@yopmail.com,worker
95,Amii,2013-01-08,491.95,Amii.95@yopmail.com,developer
96,Cristine,1943-02-08,852.98,Cristine.96@yopmail.com,police officer
97,Margarette,1910-06-20,29.81,Margarette.97@yopmail.com,doctor
98,Jasmina,1930-06-18,2.2,Jasmina.98@yopmail.com,firefighter
99,Chickie,1913-05-31,186.39,Chickie.99@yopmail.com,police officer
100,Ekaterina,1989-05-12,850.12,Ekaterina.100@yopmail.com,firefighter